Workbook

Sheet Útmutató
A1: PizzaMe termelő – alapanyag adatlap
A3: Két munkalapot kell kitölteni. A sárga cellák a kitöltendők, a szürkék maguktól számolódnak.
A5: 1. Terméktörzs – egyszer kell kitölteni
A6: Kategória, termék, mértékegység és beszerzési ár. A mértékegység ott már ki van töltve,
A7: ahol a meglévő PizzaMe táblákból egyértelmű volt – ezt a megjegyzés oszlop jelzi. Nézd át.
A8: Új terméket bármikor felvehetsz egy új sorba.
A10: 2. Időszak – minden leltárnál
A11: Egy időszak mindig a hónap 1-jétől a leltár napjáig tart (gördülő, halmozott).
A12: A havi zárás mindig a hónap utolsó napja. Több időszak is lehet egy munkalapon,
A13: csak legyen mindegyiknek saját azonosítója az idoszak_id oszlopban.
A15: Az eltérés előjele
A16: mínusz = hiány (a riportban piros) · plusz = többlet (a riportban zöld)
... A19: A saját lisztes számaid a 2026. augusztusi zárásból, a hiányt mínusszal jelölve:
A21: termek | B21: zaro_keszlet | C21: fogyas | D21: elteres | E21: elteres_% | F21: elteres_Ft | G21: megjegyzes
A22: Liszt | B22: 5000 | C22: 12150 | D22: -41 | E22: =IFERROR(D22/C22,"") | F22: (a beszerzési árból számolódik) | G22: a te augusztusi számaid
A24: A 41 kg önmagában soknak tűnik, de a 12 150 kg fogyáshoz mérve 0,34% – ezért kell a % a riportba.

Sheet Terméktörzs
A1: kategoria | B1: termek | C1: egyseg | D1: beszerzesi_ar_ft | E1: megjegyzes
A2: Fő termékek | B2: Liszt | C2: kg | E2: egység a 2020-as árlistádból
A3: Fő termékek | B3: TK liszt | C3: kg | E3: egység a 2020-as árlistádból
A4: Fő termékek | B4: Olívaolaj | C4: L | E4: egység a 2020-as árlistádból
A5: Húsok | B5: Sonka | C5: kg | E5: javasolt egység – erősítsd meg
A6: Húsok | B6: Napolitan szalámi
A7: Húsok | B7: Pepperoni szalámi
A8: Húsok | B8: Calabra szalámi | C8: kg | E8: egység a 2020-as árlistádból
A9: Húsok | B9: Szupercsípős szalámi
A10: Húsok | B10: Bacon
A11: Húsok | B11: Gyulai kolbász
A12: Sajtok | B12: Mozzarella | C12: kg | E12: javasolt egység – erősítsd meg
A13: Sajtok | B13: Parmezán | C13: kg | E13: egység a 2020-as árlistádból
A14: Sajtok | B14: Gorgonzola | C14: kg | E14: egység a 2020-as árlistádból
A15: Sajtok | B15: Ricotta | C15: kg | E15: egység a 2020-as árlistádból
A16: Szárazáru | B16: Tartufata szósz
A17: Szárazáru | B17: Funghi mix | C17: db | E17: egység a 2020-as árlistádból
A18: Szárazáru | B18: Spenót | C18: kg | E18: javasolt egység – erősítsd meg
A19: Édességek | B19: Csokis mousse
A20: Édességek | B20: Tiramisu
A21: Édességek | B21: Profiterol
A22: Édességek | B22: Gelato Nutella
A23: Édességek | B23: Gelato Tartufata
A24: Édességek | B24: Gelato Pisztácia

Sheet Időszak
A1: idoszak_id | B1: kezdet | C1: veg | D1: statusz | E1: termek | F1: zaro_keszlet | G1: fogyas | H1: elteres | I1: elteres_% | J1: elteres_Ft | K1: megjegyzes
A2: 2026-08-zaras | B2: 46235 | C2: 46265 | D2: havi zaras | E2: Liszt | I2: =IFERROR(H2/G2,"") | J2: =IFERROR(H2*INDEX('Terméktörzs'!$D$2:$D$83,MATCH(E2,'Terméktörzs'!$B$2:$B$83,0)),"")
A3: 2026-08-zaras | B3: 46235 | C3: 46265 | D3: havi zaras | E3: TK liszt | I3: =IFERROR(H3/G3,"") | J3: =IFERROR(H3*INDEX('Terméktörzs'!$D$2:$D$83,MATCH(E3,'Terméktörzs'!$B$2:$B$83,0)),"")
A4: 2026-08-zaras | B4: 46235 | C4: 46265 | D4: havi zaras | E4: Olívaolaj | I4: =IFERROR(H4/G4,"") | J4: =IFERROR(H4*INDEX('Terméktörzs'!$D$2:$D$83,MATCH(E4,'Terméktörzs'!$B$2:$B$83,0)),"")
A5: 2026-08-zaras | B5: 46235 | C5: 46265 | D5: havi zaras | E5: Sonka | I5: =IFERROR(H5/G5,"") | J5: =IFERROR(H5*INDEX('Terméktörzs'!$D$2:$D$83,MATCH(E5,'Terméktörzs'!$B$2:$B$83,0)),"")
A6: 2026-08-zaras | B6: 46235 | C6: 46265 | D6: havi zaras | E6: Napolitan szalámi | I6: =IFERROR(H6/G6,"") | J6: =IFERROR(H6*INDEX('Terméktörzs'!$D$2:$D$83,MATCH(E6,'Terméktörzs'!$B$2:$B$83,0)),"")
A7: 2026-08-zaras | B7: 46235 | C7: 46265 | D7: havi zaras | E7: Pepperoni szalámi | I7: =IFERROR(H7/G7,"") | J7: =IFERROR(H7*INDEX('Terméktörzs'!$D$2:$D$83,MATCH(E7,'Terméktörzs'!$B$2:$B$83,0)),"")
A8: 2026-08-zaras | B8: 46235 | C8: 46265 | D8: havi zaras | E8: Calabra szalámi | I8: =IFERROR(H8/G8,"") | J8: =IFERROR(H8*INDEX('Terméktörzs'!$D$2:$D$83,MATCH(E8,'Terméktörzs'!$B$2:$B$83,0)),"")
A9: 2026-08-zaras | B9: 46235 | C9: 46265 | D9: havi zaras | E9: Szupercsípős szalámi | I9: =IFERROR(H9/G9,"") | J9: =IFERROR(H9*INDEX('Terméktörzs'!$D$2:$D$83,MATCH(E9,'Terméktörzs'!$B$2:$B$83,0)),"")
A10: 2026-08-zaras | B10: 46235 | C10: 46265 | D10: havi zaras | E10: Bacon | I10: =IFERROR(H10/G10,"") | J10: =IFERROR(H10*INDEX('Terméktörzs'!$D$2:$D$83,MATCH(E10,'Terméktörzs'!$B$2:$B$83,0)),"")
A11: 2026-08-zaras | B11: 46235 | C11: 46265 | D11: havi zaras | E11: Gyulai kolbász | I11: =IFERROR(H11/G11,"") | J11: =IFERROR(H11*INDEX('Terméktörzs'!$D$2:$D$83,MATCH(E11,'Terméktörzs'!$B$2:$B$83,0)),"")
A12: 2026-08-zaras | B12: 46235 | C12: 46265 | D12: havi zaras | E12: Mozzarella | I12: =IFERROR(H12/G12,"") | J12: =IFERROR(H12*INDEX('Terméktörzs'!$D$2:$D$83,MATCH(E12,'Terméktörzs'!$B$2:$B$83,0)),"")
A13: 2026-08-zaras | B13: 46235 | C13: 46265 | D13: havi zaras | E13: Parmezán | I13: =IFERROR(H13/G13,"") | J13: =IFERROR(H13*INDEX('Terméktörzs'!$D$2:$D$83,MATCH(E13,'Terméktörzs'!$B$2:$B$83,0)),"")
... A24: 2026-08-zaras | B24: 46235 | C24: 46265 | D24: havi zaras | E24: Gelato Pisztácia | I24: =IFERROR(H24/G24,"") | J24: =IFERROR(H24*INDEX('Terméktörzs'!$D$2:$D$83,MATCH(E24,'Terméktörzs'!$B$2:$B$83,0)),"")
A26: Új időszakhoz másold le a fenti sorokat, és írd át az idoszak_id, kezdet, veg és statusz oszlopot. A sárga cellák a kitöltendők; az eltérés_% és az eltérés_Ft magától számolódik.
